file,type,name,x,y,z,view,dist,angle,red_px,detected,r,is_apple
001_RedApple_Red_Apple_d0.8_a000.jpg,RedApple,Red Apple,-12.02,-3.02,0.05,0,0.8,0,3570,1,35.8,1
002_RedApple_Red_Apple_d0.8_a045.jpg,RedApple,Red Apple,-12.02,-3.02,0.05,1,0.8,45,3715,1,36.9,1
003_RedApple_Red_Apple_d0.8_a090.jpg,RedApple,Red Apple,-12.02,-3.02,0.05,2,0.8,90,3857,1,37.3,1
004_RedApple_Red_Apple_d0.8_a135.jpg,RedApple,Red Apple,-12.02,-3.02,0.05,3,0.8,135,0,0,,1
005_RedApple_Red_Apple_d0.8_a180.jpg,RedApple,Red Apple,-12.02,-3.02,0.05,4,0.8,180,0,0,,1
006_RedApple_Red_Apple_d0.8_a225.jpg,RedApple,Red Apple,-12.02,-3.02,0.05,5,0.8,225,0,0,,1
007_RedApple_Red_Apple_d0.8_a270.jpg,RedApple,Red Apple,-12.02,-3.02,0.05,6,0.8,270,0,0,,1
008_RedApple_Red_Apple_d0.8_a315.jpg,RedApple,Red Apple,-12.02,-3.02,0.05,7,0.8,315,39,0,,1
009_RedApple_Red_Apple_d1.5_a000.jpg,RedApple,Red Apple,-12.02,-3.02,0.05,0,1.5,0,952,1,18.2,1
010_RedApple_Red_Apple_d1.5_a045.jpg,RedApple,Red Apple,-12.02,-3.02,0.05,1,1.5,45,987,1,18.8,1
011_RedApple_Red_Apple_d1.5_a090.jpg,RedApple,Red Apple,-12.02,-3.02,0.05,2,1.5,90,1026,1,19.1,1
012_RedApple_Red_Apple_d1.5_a135.jpg,RedApple,Red Apple,-12.02,-3.02,0.05,3,1.5,135,0,0,,1
013_RedApple_Red_Apple_d1.5_a180.jpg,RedApple,Red Apple,-12.02,-3.02,0.05,4,1.5,180,0,0,,1
014_RedApple_Red_Apple_d1.5_a225.jpg,RedApple,Red Apple,-12.02,-3.02,0.05,5,1.5,225,0,0,,1
015_RedApple_Red_Apple_d1.5_a270.jpg,RedApple,Red Apple,-12.02,-3.02,0.05,6,1.5,270,0,0,,1
016_RedApple_Red_Apple_d1.5_a315.jpg,RedApple,Red Apple,-12.02,-3.02,0.05,7,1.5,315,0,0,,1
017_RedApple_Red_Apple_d2.5_a000.jpg,RedApple,Red Apple,-12.02,-3.02,0.05,0,2.5,0,315,1,10.6,1
018_RedApple_Red_Apple_d2.5_a045.jpg,RedApple,Red Apple,-12.02,-3.02,0.05,1,2.5,45,331,1,11.0,1
019_RedApple_Red_Apple_d2.5_a090.jpg,RedApple,Red Apple,-12.02,-3.02,0.05,2,2.5,90,347,1,10.9,1
020_RedApple_Red_Apple_d2.5_a135.jpg,RedApple,Red Apple,-12.02,-3.02,0.05,3,2.5,135,0,0,,1
021_RedApple_Red_Apple_d2.5_a180.jpg,RedApple,Red Apple,-12.02,-3.02,0.05,4,2.5,180,0,0,,1
022_RedApple_Red_Apple_d2.5_a225.jpg,RedApple,Red Apple,-12.02,-3.02,0.05,5,2.5,225,0,0,,1
023_RedApple_Red_Apple_d2.5_a270.jpg,RedApple,Red Apple,-12.02,-3.02,0.05,6,2.5,270,0,0,,1
024_RedApple_Red_Apple_d2.5_a315.jpg,RedApple,Red Apple,-12.02,-3.02,0.05,7,2.5,315,0,0,,1
025_RedApple_Red_Apple_d3.5_a000.jpg,RedApple,Red Apple,-12.02,-3.02,0.05,0,3.5,0,145,1,7.0,1
026_RedApple_Red_Apple_d3.5_a045.jpg,RedApple,Red Apple,-12.02,-3.02,0.05,1,3.5,45,112,0,,1
027_RedApple_Red_Apple_d3.5_a090.jpg,RedApple,Red Apple,-12.02,-3.02,0.05,2,3.5,90,0,0,,1
028_RedApple_Red_Apple_d3.5_a135.jpg,RedApple,Red Apple,-12.02,-3.02,0.05,3,3.5,135,0,0,,1
029_RedApple_Red_Apple_d3.5_a180.jpg,RedApple,Red Apple,-12.02,-3.02,0.05,4,3.5,180,0,0,,1
030_RedApple_Red_Apple_d3.5_a225.jpg,RedApple,Red Apple,-12.02,-3.02,0.05,5,3.5,225,0,0,,1
031_RedApple_Red_Apple_d3.5_a270.jpg,RedApple,Red Apple,-12.02,-3.02,0.05,6,3.5,270,0,0,,1
032_RedApple_Red_Apple_d3.5_a315.jpg,RedApple,Red Apple,-12.02,-3.02,0.05,7,3.5,315,0,0,,1
033_RedApple_Red_Apple_1__d0.8_a000.jpg,RedApple,Red Apple(1),-5.34,-10.54,0.05,0,0.8,0,3648,1,36.5,1
034_RedApple_Red_Apple_1__d0.8_a045.jpg,RedApple,Red Apple(1),-5.34,-10.54,0.05,1,0.8,45,0,0,,1
035_RedApple_Red_Apple_1__d0.8_a090.jpg,RedApple,Red Apple(1),-5.34,-10.54,0.05,2,0.8,90,0,0,,1
036_RedApple_Red_Apple_1__d0.8_a135.jpg,RedApple,Red Apple(1),-5.34,-10.54,0.05,3,0.8,135,0,0,,1
037_RedApple_Red_Apple_1__d0.8_a180.jpg,RedApple,Red Apple(1),-5.34,-10.54,0.05,4,0.8,180,0,0,,1
038_RedApple_Red_Apple_1__d0.8_a225.jpg,RedApple,Red Apple(1),-5.34,-10.54,0.05,5,0.8,225,0,0,,1
039_RedApple_Red_Apple_1__d0.8_a270.jpg,RedApple,Red Apple(1),-5.34,-10.54,0.05,6,0.8,270,3646,1,36.1,1
040_RedApple_Red_Apple_1__d0.8_a315.jpg,RedApple,Red Apple(1),-5.34,-10.54,0.05,7,0.8,315,3560,1,36.1,1
041_RedApple_Red_Apple_1__d1.5_a000.jpg,RedApple,Red Apple(1),-5.34,-10.54,0.05,0,1.5,0,968,1,18.6,1
042_RedApple_Red_Apple_1__d1.5_a045.jpg,RedApple,Red Apple(1),-5.34,-10.54,0.05,1,1.5,45,0,0,,1
043_RedApple_Red_Apple_1__d1.5_a090.jpg,RedApple,Red Apple(1),-5.34,-10.54,0.05,2,1.5,90,0,0,,1
044_RedApple_Red_Apple_1__d1.5_a135.jpg,RedApple,Red Apple(1),-5.34,-10.54,0.05,3,1.5,135,0,0,,1
045_RedApple_Red_Apple_1__d1.5_a180.jpg,RedApple,Red Apple(1),-5.34,-10.54,0.05,4,1.5,180,0,0,,1
046_RedApple_Red_Apple_1__d1.5_a225.jpg,RedApple,Red Apple(1),-5.34,-10.54,0.05,5,1.5,225,0,0,,1
047_RedApple_Red_Apple_1__d1.5_a270.jpg,RedApple,Red Apple(1),-5.34,-10.54,0.05,6,1.5,270,965,1,18.6,1
048_RedApple_Red_Apple_1__d1.5_a315.jpg,RedApple,Red Apple(1),-5.34,-10.54,0.05,7,1.5,315,940,1,18.3,1
049_RedApple_Red_Apple_1__d2.5_a000.jpg,RedApple,Red Apple(1),-5.34,-10.54,0.05,0,2.5,0,0,0,,1
050_RedApple_Red_Apple_1__d2.5_a045.jpg,RedApple,Red Apple(1),-5.34,-10.54,0.05,1,2.5,45,0,0,,1
051_RedApple_Red_Apple_1__d2.5_a090.jpg,RedApple,Red Apple(1),-5.34,-10.54,0.05,2,2.5,90,0,0,,1
052_RedApple_Red_Apple_1__d2.5_a135.jpg,RedApple,Red Apple(1),-5.34,-10.54,0.05,3,2.5,135,0,0,,1
053_RedApple_Red_Apple_1__d2.5_a180.jpg,RedApple,Red Apple(1),-5.34,-10.54,0.05,4,2.5,180,0,0,,1
054_RedApple_Red_Apple_1__d2.5_a225.jpg,RedApple,Red Apple(1),-5.34,-10.54,0.05,5,2.5,225,0,0,,1
055_RedApple_Red_Apple_1__d2.5_a270.jpg,RedApple,Red Apple(1),-5.34,-10.54,0.05,6,2.5,270,0,0,,1
056_RedApple_Red_Apple_1__d2.5_a315.jpg,RedApple,Red Apple(1),-5.34,-10.54,0.05,7,2.5,315,319,1,10.4,1
057_RedApple_Red_Apple_1__d3.5_a000.jpg,RedApple,Red Apple(1),-5.34,-10.54,0.05,0,3.5,0,0,0,,1
058_RedApple_Red_Apple_1__d3.5_a045.jpg,RedApple,Red Apple(1),-5.34,-10.54,0.05,1,3.5,45,0,0,,1
059_RedApple_Red_Apple_1__d3.5_a090.jpg,RedApple,Red Apple(1),-5.34,-10.54,0.05,2,3.5,90,0,0,,1
060_RedApple_Red_Apple_1__d3.5_a135.jpg,RedApple,Red Apple(1),-5.34,-10.54,0.05,3,3.5,135,0,0,,1
061_RedApple_Red_Apple_1__d3.5_a180.jpg,RedApple,Red Apple(1),-5.34,-10.54,0.05,4,3.5,180,0,0,,1
062_RedApple_Red_Apple_1__d3.5_a225.jpg,RedApple,Red Apple(1),-5.34,-10.54,0.05,5,3.5,225,0,0,,1
063_RedApple_Red_Apple_1__d3.5_a270.jpg,RedApple,Red Apple(1),-5.34,-10.54,0.05,6,3.5,270,0,0,,1
064_RedApple_Red_Apple_1__d3.5_a315.jpg,RedApple,Red Apple(1),-5.34,-10.54,0.05,7,3.5,315,0,0,,1
